source,decade,rank,term,count,tokens,per10k
Heritage Foundation,1980s,1,s,838,87217,96.082
Heritage Foundation,1980s,2,u,627,87217,71.89
Heritage Foundation,1980s,3,policy,435,87217,49.876
Heritage Foundation,1980s,4,would,433,87217,49.646
Heritage Foundation,1980s,5,new,432,87217,49.532
Heritage Foundation,1980s,6,government,382,87217,43.799
Heritage Foundation,1980s,7,national,379,87217,43.455
Heritage Foundation,1980s,8,state,333,87217,38.181
Heritage Foundation,1980s,9,public,280,87217,32.104
Heritage Foundation,1980s,10,heritage,271,87217,31.072
Heritage Foundation,1980s,11,political,269,87217,30.843
Heritage Foundation,1980s,12,other,266,87217,30.499
Heritage Foundation,1980s,13,one,264,87217,30.269
Heritage Foundation,1980s,14,economic,244,87217,27.976
Heritage Foundation,1980s,15,states,235,87217,26.944
Heritage Foundation,1980s,16,security,229,87217,26.256
Heritage Foundation,1980s,17,people,225,87217,25.798
Heritage Foundation,1980s,18,also,225,87217,25.798
Heritage Foundation,1980s,19,soviet,217,87217,24.88
Heritage Foundation,1980s,20,social,214,87217,24.537
Heritage Foundation,1980s,21,foreign,211,87217,24.193
Heritage Foundation,1980s,22,cultural,210,87217,24.078
Heritage Foundation,1980s,23,nuclear,204,87217,23.39
Heritage Foundation,1980s,24,washington,202,87217,23.161
Heritage Foundation,1980s,25,president,197,87217,22.587
Heritage Foundation,1980s,26,program,197,87217,22.587
Heritage Foundation,1980s,27,foundation,192,87217,22.014
Heritage Foundation,1980s,28,american,189,87217,21.67
Heritage Foundation,1980s,29,military,186,87217,21.326
Heritage Foundation,1980s,30,years,184,87217,21.097
Heritage Foundation,1980s,31,conservative,180,87217,20.638
Heritage Foundation,1980s,32,many,177,87217,20.294
Heritage Foundation,1980s,33,united,176,87217,20.18
Heritage Foundation,1980s,34,action,174,87217,19.95
Heritage Foundation,1980s,35,percent,173,87217,19.836
Heritage Foundation,1980s,36,only,172,87217,19.721
Heritage Foundation,1980s,37,world,168,87217,19.262
Heritage Foundation,1980s,38,unesco,164,87217,18.804
Heritage Foundation,1980s,39,through,161,87217,18.46
Heritage Foundation,1980s,40,p,157,87217,18.001
Heritage Foundation,1980s,41,costa,155,87217,17.772
Heritage Foundation,1980s,42,administration,149,87217,17.084
Heritage Foundation,1980s,43,private,149,87217,17.084
Heritage Foundation,1980s,44,time,148,87217,16.969
Heritage Foundation,1980s,45,ideas,147,87217,16.855
Heritage Foundation,1980s,46,first,147,87217,16.855
Heritage Foundation,1980s,47,culture,145,87217,16.625
Heritage Foundation,1980s,48,two,143,87217,16.396
Heritage Foundation,1980s,49,control,142,87217,16.281
Heritage Foundation,1980s,50,department,140,87217,16.052
Heritage Foundation,1980s,51,power,139,87217,15.937
Heritage Foundation,1980s,52,even,138,87217,15.823
Heritage Foundation,1980s,53,congress,130,87217,14.905
Heritage Foundation,1980s,54,vista,130,87217,14.905
Heritage Foundation,1980s,55,c,129,87217,14.791
Heritage Foundation,1980s,56,d,127,87217,14.561
Heritage Foundation,1980s,57,institute,126,87217,14.447
Heritage Foundation,1980s,58,service,126,87217,14.447
Heritage Foundation,1980s,59,arms,126,87217,14.447
Heritage Foundation,1980s,60,reagan,124,87217,14.217
Heritage Foundation,1980s,61,community,124,87217,14.217
Heritage Foundation,1980s,62,federal,124,87217,14.217
Heritage Foundation,1980s,63,western,122,87217,13.988
Heritage Foundation,1980s,64,now,121,87217,13.873
Heritage Foundation,1980s,65,forces,121,87217,13.873
Heritage Foundation,1980s,66,tax,120,87217,13.759
Heritage Foundation,1980s,67,party,119,87217,13.644
Heritage Foundation,1980s,68,defense,116,87217,13.3
Heritage Foundation,1980s,69,report,115,87217,13.186
Heritage Foundation,1980s,70,support,115,87217,13.186
Heritage Foundation,1980s,71,general,115,87217,13.186
Heritage Foundation,1980s,72,freeze,112,87217,12.842
Heritage Foundation,1980s,73,organization,111,87217,12.727
Heritage Foundation,1980s,74,between,111,87217,12.727
Heritage Foundation,1980s,75,year,111,87217,12.727
Heritage Foundation,1980s,76,make,109,87217,12.498
Heritage Foundation,1980s,77,system,109,87217,12.498
Heritage Foundation,1980s,78,organizations,109,87217,12.498
Heritage Foundation,1980s,79,much,108,87217,12.383
Heritage Foundation,1980s,80,union,107,87217,12.268
Heritage Foundation,1980s,81,secretary,106,87217,12.154
Heritage Foundation,1980s,82,see,105,87217,12.039
Heritage Foundation,1980s,83,part,105,87217,12.039
Heritage Foundation,1980s,84,war,105,87217,12.039
Heritage Foundation,1980s,85,research,104,87217,11.924
Heritage Foundation,1980s,86,work,103,87217,11.81
Heritage Foundation,1980s,87,programs,102,87217,11.695
Heritage Foundation,1980s,88,affairs,102,87217,11.695
Heritage Foundation,1980s,89,international,101,87217,11.58
Heritage Foundation,1980s,90,prison,100,87217,11.466
Heritage Foundation,1980s,91,groups,99,87217,11.351
Heritage Foundation,1980s,92,zealand,99,87217,11.351
Heritage Foundation,1980s,93,rica,98,87217,11.236
Heritage Foundation,1980s,94,democratic,96,87217,11.007
Heritage Foundation,1980s,95,million,95,87217,10.892
Heritage Foundation,1980s,96,order,94,87217,10.778
Heritage Foundation,1980s,97,policies,94,87217,10.778
Heritage Foundation,1980s,98,labor,93,87217,10.663
Heritage Foundation,1980s,99,since,93,87217,10.663
Heritage Foundation,1980s,100,america,92,87217,10.548
Heritage Foundation,2000s,1,s,758,74226,102.121
Heritage Foundation,2000s,2,federal,573,74226,77.197
Heritage Foundation,2000s,3,government,424,74226,57.123
Heritage Foundation,2000s,4,children,375,74226,50.521
Heritage Foundation,2000s,5,divorce,360,74226,48.501
Heritage Foundation,2000s,6,e,337,74226,45.402
Heritage Foundation,2000s,7,would,332,74226,44.728
Heritage Foundation,2000s,8,heritage,310,74226,41.764
Heritage Foundation,2000s,9,percent,310,74226,41.764
Heritage Foundation,2000s,10,public,301,74226,40.552
Heritage Foundation,2000s,11,new,295,74226,39.743
Heritage Foundation,2000s,12,national,292,74226,39.339
Heritage Foundation,2000s,13,programs,291,74226,39.205
Heritage Foundation,2000s,14,u,277,74226,37.318
Heritage Foundation,2000s,15,family,275,74226,37.049
Heritage Foundation,2000s,16,state,272,74226,36.645
Heritage Foundation,2000s,17,states,254,74226,34.22
Heritage Foundation,2000s,18,health,238,74226,32.064
Heritage Foundation,2000s,19,spending,236,74226,31.795
Heritage Foundation,2000s,20,congress,220,74226,29.639
Heritage Foundation,2000s,21,parents,207,74226,27.888
Heritage Foundation,2000s,22,mental,206,74226,27.753
Heritage Foundation,2000s,23,system,205,74226,27.618
Heritage Foundation,2000s,24,management,203,74226,27.349
Heritage Foundation,2000s,25,marriage,193,74226,26.002
Heritage Foundation,2000s,26,d,187,74226,25.193
Heritage Foundation,2000s,27,one,185,74226,24.924
Heritage Foundation,2000s,28,year,184,74226,24.789
Heritage Foundation,2000s,29,economic,178,74226,23.981
Heritage Foundation,2000s,30,administration,178,74226,23.981
Heritage Foundation,2000s,31,p,177,74226,23.846
Heritage Foundation,2000s,32,education,171,74226,23.038
Heritage Foundation,2000s,33,see,171,74226,23.038
Heritage Foundation,2000s,34,pp,168,74226,22.634
Heritage Foundation,2000s,35,american,164,74226,22.095
Heritage Foundation,2000s,36,families,163,74226,21.96
Heritage Foundation,2000s,37,data,161,74226,21.691
Heritage Foundation,2000s,38,president,158,74226,21.286
Heritage Foundation,2000s,39,service,156,74226,21.017
Heritage Foundation,2000s,40,rates,152,74226,20.478
Heritage Foundation,2000s,41,political,151,74226,20.343
Heritage Foundation,2000s,42,performance,150,74226,20.209
Heritage Foundation,2000s,43,only,148,74226,19.939
Heritage Foundation,2000s,44,www,146,74226,19.67
Heritage Foundation,2000s,45,years,145,74226,19.535
Heritage Foundation,2000s,46,department,143,74226,19.265
Heritage Foundation,2000s,47,reform,143,74226,19.265
Heritage Foundation,2000s,48,other,142,74226,19.131
Heritage Foundation,2000s,49,l,142,74226,19.131
Heritage Foundation,2000s,50,electoral,142,74226,19.131
Heritage Foundation,2000s,51,r,140,74226,18.861
Heritage Foundation,2000s,52,t,137,74226,18.457
Heritage Foundation,2000s,53,vol,136,74226,18.322
Heritage Foundation,2000s,54,n,136,74226,18.322
Heritage Foundation,2000s,55,between,133,74226,17.918
Heritage Foundation,2000s,56,http,132,74226,17.784
Heritage Foundation,2000s,57,even,131,74226,17.649
Heritage Foundation,2000s,58,also,130,74226,17.514
Heritage Foundation,2000s,59,research,129,74226,17.379
Heritage Foundation,2000s,60,washington,129,74226,17.379
Heritage Foundation,2000s,61,c,129,74226,17.379
Heritage Foundation,2000s,62,h,125,74226,16.84
Heritage Foundation,2000s,63,budget,124,74226,16.706
Heritage Foundation,2000s,64,many,123,74226,16.571
Heritage Foundation,2000s,65,rate,123,74226,16.571
Heritage Foundation,2000s,66,private,122,74226,16.436
Heritage Foundation,2000s,67,program,121,74226,16.302
Heritage Foundation,2000s,68,policy,120,74226,16.167
Heritage Foundation,2000s,69,agencies,120,74226,16.167
Heritage Foundation,2000s,70,office,120,74226,16.167
Heritage Foundation,2000s,71,october,118,74226,15.897
Heritage Foundation,2000s,72,divorced,115,74226,15.493
Heritage Foundation,2000s,73,college,111,74226,14.954
Heritage Foundation,2000s,74,time,109,74226,14.685
Heritage Foundation,2000s,75,services,109,74226,14.685
Heritage Foundation,2000s,76,social,109,74226,14.685
Heritage Foundation,2000s,77,child,108,74226,14.55
Heritage Foundation,2000s,78,welfare,108,74226,14.55
Heritage Foundation,2000s,79,billion,107,74226,14.415
Heritage Foundation,2000s,80,effects,107,74226,14.415
Heritage Foundation,2000s,81,america,106,74226,14.281
Heritage Foundation,2000s,82,among,106,74226,14.281
Heritage Foundation,2000s,83,election,104,74226,14.011
Heritage Foundation,2000s,84,act,103,74226,13.877
Heritage Foundation,2000s,85,before,102,74226,13.742
Heritage Foundation,2000s,86,chart,102,74226,13.742
Heritage Foundation,2000s,87,less,100,74226,13.472
Heritage Foundation,2000s,88,agency,100,74226,13.472
Heritage Foundation,2000s,89,ing,99,74226,13.338
Heritage Foundation,2000s,90,work,99,74226,13.338
Heritage Foundation,2000s,91,house,99,74226,13.338
Heritage Foundation,2000s,92,foundation,98,74226,13.203
Heritage Foundation,2000s,93,through,98,74226,13.203
Heritage Foundation,2000s,94,trade,98,74226,13.203
Heritage Foundation,2000s,95,clinton,98,74226,13.203
Heritage Foundation,2000s,96,org,97,74226,13.068
Heritage Foundation,2000s,97,vote,97,74226,13.068
Heritage Foundation,2000s,98,care,96,74226,12.933
Heritage Foundation,2000s,99,diplomacy,95,74226,12.799
Heritage Foundation,2000s,100,people,94,74226,12.664
Heritage Foundation,2010s,1,s,632,41484,152.348
Heritage Foundation,2010s,2,u,238,41484,57.372
Heritage Foundation,2010s,3,government,212,41484,51.104
Heritage Foundation,2010s,4,economic,199,41484,47.97
Heritage Foundation,2010s,5,power,199,41484,47.97
Heritage Foundation,2010s,6,p,197,41484,47.488
Heritage Foundation,2010s,7,black,191,41484,46.042
Heritage Foundation,2010s,8,rights,175,41484,42.185
Heritage Foundation,2010s,9,would,163,41484,39.292
Heritage Foundation,2010s,10,identity,163,41484,39.292
Heritage Foundation,2010s,11,new,158,41484,38.087
Heritage Foundation,2010s,12,health,156,41484,37.605
Heritage Foundation,2010s,13,heritage,155,41484,37.364
Heritage Foundation,2010s,14,http,148,41484,35.676
Heritage Foundation,2010s,15,other,146,41484,35.194
Heritage Foundation,2010s,16,www,142,41484,34.23
Heritage Foundation,2010s,17,see,141,41484,33.989
Heritage Foundation,2010s,18,one,139,41484,33.507
Heritage Foundation,2010s,19,politics,138,41484,33.266
Heritage Foundation,2010s,20,court,137,41484,33.025
Heritage Foundation,2010s,21,federal,135,41484,32.543
Heritage Foundation,2010s,22,v,129,41484,31.096
Heritage Foundation,2010s,23,law,126,41484,30.373
Heritage Foundation,2010s,24,state,126,41484,30.373
Heritage Foundation,2010s,25,states,123,41484,29.65
Heritage Foundation,2010s,26,people,122,41484,29.409
Heritage Foundation,2010s,27,regulations,119,41484,28.686
Heritage Foundation,2010s,28,n,117,41484,28.204
Heritage Foundation,2010s,29,america,117,41484,28.204
Heritage Foundation,2010s,30,congress,115,41484,27.722
Heritage Foundation,2010s,31,org,106,41484,25.552
Heritage Foundation,2010s,32,constitution,104,41484,25.07
Heritage Foundation,2010s,33,only,101,41484,24.347
Heritage Foundation,2010s,34,white,94,41484,22.659
Heritage Foundation,2010s,35,freedom,92,41484,22.177
Heritage Foundation,2010s,36,liberty,90,41484,21.695
Heritage Foundation,2010s,37,e,90,41484,21.695
Heritage Foundation,2010s,38,act,84,41484,20.249
Heritage Foundation,2010s,39,public,82,41484,19.767
Heritage Foundation,2010s,40,property,82,41484,19.767
Heritage Foundation,2010s,41,also,81,41484,19.526
Heritage Foundation,2010s,42,foundation,79,41484,19.043
Heritage Foundation,2010s,43,even,79,41484,19.043
Heritage Foundation,2010s,44,lochner,78,41484,18.802
Heritage Foundation,2010s,45,right,78,41484,18.802
Heritage Foundation,2010s,46,ibid,78,41484,18.802
Heritage Foundation,2010s,47,report,73,41484,17.597
Heritage Foundation,2010s,48,accessed,73,41484,17.597
Heritage Foundation,2010s,49,united,72,41484,17.356
Heritage Foundation,2010s,50,american,70,41484,16.874
Heritage Foundation,2010s,51,proposed,70,41484,16.874
Heritage Foundation,2010s,52,policy,69,41484,16.633
Heritage Foundation,2010s,53,carmichael,69,41484,16.633
Heritage Foundation,2010s,54,care,68,41484,16.392
Heritage Foundation,2010s,55,amendment,67,41484,16.151
Heritage Foundation,2010s,56,groups,67,41484,16.151
Heritage Foundation,2010s,57,hamilton,66,41484,15.91
Heritage Foundation,2010s,58,supreme,65,41484,15.669
Heritage Foundation,2010s,59,process,65,41484,15.669
Heritage Foundation,2010s,60,private,64,41484,15.428
Heritage Foundation,2010s,61,free,62,41484,14.946
Heritage Foundation,2010s,62,use,61,41484,14.704
Heritage Foundation,2010s,63,first,61,41484,14.704
Heritage Foundation,2010s,64,society,61,41484,14.704
Heritage Foundation,2010s,65,d,60,41484,14.463
Heritage Foundation,2010s,66,research,59,41484,14.222
Heritage Foundation,2010s,67,administration,59,41484,14.222
Heritage Foundation,2010s,68,justice,57,41484,13.74
Heritage Foundation,2010s,69,percent,57,41484,13.74
Heritage Foundation,2010s,70,women,56,41484,13.499
Heritage Foundation,2010s,71,basis,56,41484,13.499
Heritage Foundation,2010s,72,gender,56,41484,13.499
Heritage Foundation,2010s,73,political,55,41484,13.258
Heritage Foundation,2010s,74,funding,55,41484,13.258
Heritage Foundation,2010s,75,york,54,41484,13.017
Heritage Foundation,2010s,76,without,54,41484,13.017
Heritage Foundation,2010s,77,between,54,41484,13.017
Heritage Foundation,2010s,78,many,54,41484,13.017
Heritage Foundation,2010s,79,special,53,41484,12.776
Heritage Foundation,2010s,80,case,53,41484,12.776
Heritage Foundation,2010s,81,civil,53,41484,12.776
Heritage Foundation,2010s,82,energy,53,41484,12.776
Heritage Foundation,2010s,83,com,52,41484,12.535
Heritage Foundation,2010s,84,policies,52,41484,12.535
Heritage Foundation,2010s,85,cases,51,41484,12.294
Heritage Foundation,2010s,86,june,51,41484,12.294
Heritage Foundation,2010s,87,work,50,41484,12.053
Heritage Foundation,2010s,88,through,50,41484,12.053
Heritage Foundation,2010s,89,provide,50,41484,12.053
Heritage Foundation,2010s,90,clause,49,41484,11.812
Heritage Foundation,2010s,91,due,49,41484,11.812
Heritage Foundation,2010s,92,protection,49,41484,11.812
Heritage Foundation,2010s,93,whether,49,41484,11.812
Heritage Foundation,2010s,94,americans,49,41484,11.812
Heritage Foundation,2010s,95,individuals,48,41484,11.571
Heritage Foundation,2010s,96,among,47,41484,11.33
Heritage Foundation,2010s,97,certain,47,41484,11.33
Heritage Foundation,2010s,98,however,47,41484,11.33
Heritage Foundation,2010s,99,system,47,41484,11.33
Heritage Foundation,2010s,100,reports,47,41484,11.33
Heritage Foundation,2020s,1,s,8904,397301,224.112
Heritage Foundation,2020s,2,u,4180,397301,105.21
Heritage Foundation,2020s,3,accessed,2457,397301,61.842
Heritage Foundation,2020s,4,www,1905,397301,47.949
Heritage Foundation,2020s,5,https,1729,397301,43.519
Heritage Foundation,2020s,6,l,1669,397301,42.008
Heritage Foundation,2020s,7,military,1658,397301,41.732
Heritage Foundation,2020s,8,department,1399,397301,35.213
Heritage Foundation,2020s,9,federal,1395,397301,35.112
Heritage Foundation,2020s,10,administration,1249,397301,31.437
Heritage Foundation,2020s,11,other,1195,397301,30.078
Heritage Foundation,2020s,12,states,1188,397301,29.902
Heritage Foundation,2020s,13,national,1123,397301,28.266
Heritage Foundation,2020s,14,also,1121,397301,28.215
Heritage Foundation,2020s,15,policy,1102,397301,27.737
Heritage Foundation,2020s,16,defense,1096,397301,27.586
Heritage Foundation,2020s,17,congress,1085,397301,27.309
Heritage Foundation,2020s,18,would,1052,397301,26.479
Heritage Foundation,2020s,19,office,1042,397301,26.227
Heritage Foundation,2020s,20,president,1035,397301,26.051
Heritage Foundation,2020s,21,security,1030,397301,25.925
Heritage Foundation,2020s,22,new,1023,397301,25.749
Heritage Foundation,2020s,23,pdf,998,397301,25.119
Heritage Foundation,2020s,24,government,989,397301,24.893
Heritage Foundation,2020s,25,com,966,397301,24.314
Heritage Foundation,2020s,26,air,960,397301,24.163
Heritage Foundation,2020s,27,gov,958,397301,24.113
Heritage Foundation,2020s,28,american,921,397301,23.181
Heritage Foundation,2020s,29,force,917,397301,23.081
Heritage Foundation,2020s,30,act,911,397301,22.93
Heritage Foundation,2020s,31,united,889,397301,22.376
Heritage Foundation,2020s,32,heritage,883,397301,22.225
Heritage Foundation,2020s,33,state,855,397301,21.52
Heritage Foundation,2020s,34,http,853,397301,21.47
Heritage Foundation,2020s,35,org,799,397301,20.111
Heritage Foundation,2020s,36,program,799,397301,20.111
Heritage Foundation,2020s,37,forces,794,397301,19.985
Heritage Foundation,2020s,38,law,791,397301,19.909
Heritage Foundation,2020s,39,one,787,397301,19.809
Heritage Foundation,2020s,40,march,781,397301,19.658
Heritage Foundation,2020s,41,operations,747,397301,18.802
Heritage Foundation,2020s,42,china,742,397301,18.676
Heritage Foundation,2020s,43,programs,742,397301,18.676
Heritage Foundation,2020s,44,conservative,741,397301,18.651
Heritage Foundation,2020s,45,nuclear,733,397301,18.449
Heritage Foundation,2020s,46,february,722,397301,18.173
Heritage Foundation,2020s,47,public,716,397301,18.022
Heritage Foundation,2020s,48,leadership,695,397301,17.493
Heritage Foundation,2020s,49,june,691,397301,17.392
Heritage Foundation,2020s,50,july,680,397301,17.115
Heritage Foundation,2020s,51,energy,679,397301,17.09
Heritage Foundation,2020s,52,p,670,397301,16.864
Heritage Foundation,2020s,53,political,648,397301,16.31
Heritage Foundation,2020s,54,support,646,397301,16.26
Heritage Foundation,2020s,55,agency,646,397301,16.26
Heritage Foundation,2020s,56,through,642,397301,16.159
Heritage Foundation,2020s,57,economic,617,397301,15.53
Heritage Foundation,2020s,58,russia,617,397301,15.53
Heritage Foundation,2020s,59,including,587,397301,14.775
Heritage Foundation,2020s,60,america,576,397301,14.498
Heritage Foundation,2020s,61,budget,576,397301,14.498
Heritage Foundation,2020s,62,project,574,397301,14.447
Heritage Foundation,2020s,63,service,573,397301,14.422
Heritage Foundation,2020s,64,only,570,397301,14.347
Heritage Foundation,2020s,65,trade,566,397301,14.246
Heritage Foundation,2020s,66,percent,545,397301,13.718
Heritage Foundation,2020s,67,presidential,544,397301,13.692
Heritage Foundation,2020s,68,army,542,397301,13.642
Heritage Foundation,2020s,69,power,534,397301,13.441
Heritage Foundation,2020s,70,mandate,528,397301,13.29
Heritage Foundation,2020s,71,use,523,397301,13.164
Heritage Foundation,2020s,72,foundation,522,397301,13.139
Heritage Foundation,2020s,73,navy,522,397301,13.139
Heritage Foundation,2020s,74,world,519,397301,13.063
Heritage Foundation,2020s,75,transition,511,397301,12.862
Heritage Foundation,2020s,76,general,509,397301,12.811
Heritage Foundation,2020s,77,people,502,397301,12.635
Heritage Foundation,2020s,78,time,499,397301,12.56
Heritage Foundation,2020s,79,health,497,397301,12.509
Heritage Foundation,2020s,80,work,495,397301,12.459
Heritage Foundation,2020s,81,years,494,397301,12.434
Heritage Foundation,2020s,82,many,489,397301,12.308
Heritage Foundation,2020s,83,war,482,397301,12.132
Heritage Foundation,2020s,84,promise,478,397301,12.031
Heritage Foundation,2020s,85,intelligence,478,397301,12.031
Heritage Foundation,2020s,86,december,478,397301,12.031
Heritage Foundation,2020s,87,secretary,467,397301,11.754
Heritage Foundation,2020s,88,system,466,397301,11.729
Heritage Foundation,2020s,89,next,461,397301,11.603
Heritage Foundation,2020s,90,aircraft,459,397301,11.553
Heritage Foundation,2020s,91,information,455,397301,11.452
Heritage Foundation,2020s,92,threat,453,397301,11.402
Heritage Foundation,2020s,93,services,450,397301,11.326
Heritage Foundation,2020s,94,agencies,449,397301,11.301
Heritage Foundation,2020s,95,interests,446,397301,11.226
Heritage Foundation,2020s,96,year,442,397301,11.125
Heritage Foundation,2020s,97,research,441,397301,11.1
Heritage Foundation,2020s,98,foreign,436,397301,10.974
Heritage Foundation,2020s,99,mission,428,397301,10.773
Heritage Foundation,2020s,100,january,426,397301,10.722
Heritage Foundation,1970s,1,new,407,54702,74.403
Heritage Foundation,1970s,2,s,337,54702,61.607
Heritage Foundation,1970s,3,national,270,54702,49.358
Heritage Foundation,1970s,4,foundation,245,54702,44.788
Heritage Foundation,1970s,5,committee,244,54702,44.605
Heritage Foundation,1970s,6,ncec,227,54702,41.498
Heritage Foundation,1970s,7,also,224,54702,40.949
Heritage Foundation,1970s,8,american,217,54702,39.669
Heritage Foundation,1970s,9,oil,200,54702,36.562
Heritage Foundation,1970s,10,one,194,54702,35.465
Heritage Foundation,1970s,11,other,177,54702,32.357
Heritage Foundation,1970s,12,policy,176,54702,32.174
Heritage Foundation,1970s,13,united,173,54702,31.626
Heritage Foundation,1970s,14,york,173,54702,31.626
Heritage Foundation,1970s,15,education,160,54702,29.249
Heritage Foundation,1970s,16,states,157,54702,28.701
Heritage Foundation,1970s,17,environmental,153,54702,27.97
Heritage Foundation,1970s,18,government,151,54702,27.604
Heritage Foundation,1970s,19,u,149,54702,27.238
Heritage Foundation,1970s,20,house,147,54702,26.873
Heritage Foundation,1970s,21,members,145,54702,26.507
Heritage Foundation,1970s,22,would,143,54702,26.142
Heritage Foundation,1970s,23,d,139,54702,25.41
Heritage Foundation,1970s,24,communist,138,54702,25.228
Heritage Foundation,1970s,25,congress,136,54702,24.862
Heritage Foundation,1970s,26,federal,129,54702,23.582
Heritage Foundation,1970s,27,president,128,54702,23.4
Heritage Foundation,1970s,28,public,127,54702,23.217
Heritage Foundation,1970s,29,war,120,54702,21.937
Heritage Foundation,1970s,30,member,120,54702,21.937
Heritage Foundation,1970s,31,washington,117,54702,21.389
Heritage Foundation,1970s,32,among,117,54702,21.389
Heritage Foundation,1970s,33,organization,117,54702,21.389
Heritage Foundation,1970s,34,democrat,117,54702,21.389
Heritage Foundation,1970s,35,political,116,54702,21.206
Heritage Foundation,1970s,36,support,115,54702,21.023
Heritage Foundation,1970s,37,c,112,54702,20.475
Heritage Foundation,1970s,38,action,112,54702,20.475
Heritage Foundation,1970s,39,e,111,54702,20.292
Heritage Foundation,1970s,40,party,110,54702,20.109
Heritage Foundation,1970s,41,director,109,54702,19.926
Heritage Foundation,1970s,42,institute,107,54702,19.561
Heritage Foundation,1970s,43,ips,106,54702,19.378
Heritage Foundation,1970s,44,energy,106,54702,19.378
Heritage Foundation,1970s,45,vietnam,104,54702,19.012
Heritage Foundation,1970s,46,people,102,54702,18.646
Heritage Foundation,1970s,47,peace,101,54702,18.464
Heritage Foundation,1970s,48,general,98,54702,17.915
Heritage Foundation,1970s,49,left,96,54702,17.55
Heritage Foundation,1970s,50,radical,95,54702,17.367
Heritage Foundation,1970s,51,years,95,54702,17.367
Heritage Foundation,1970s,52,several,94,54702,17.184
Heritage Foundation,1970s,53,world,94,54702,17.184
Heritage Foundation,1970s,54,movement,93,54702,17.001
Heritage Foundation,1970s,55,senate,93,54702,17.001
Heritage Foundation,1970s,56,state,91,54702,16.636
Heritage Foundation,1970s,57,staff,91,54702,16.636
Heritage Foundation,1970s,58,according,91,54702,16.636
Heritage Foundation,1970s,59,j,90,54702,16.453
Heritage Foundation,1970s,60,john,88,54702,16.087
Heritage Foundation,1970s,61,since,88,54702,16.087
Heritage Foundation,1970s,62,following,87,54702,15.904
Heritage Foundation,1970s,63,forces,87,54702,15.904
Heritage Foundation,1970s,64,robert,86,54702,15.722
Heritage Foundation,1970s,65,two,85,54702,15.539
Heritage Foundation,1970s,66,iranian,85,54702,15.539
Heritage Foundation,1970s,67,fund,84,54702,15.356
Heritage Foundation,1970s,68,groups,83,54702,15.173
Heritage Foundation,1970s,69,served,83,54702,15.173
Heritage Foundation,1970s,70,tion,82,54702,14.99
Heritage Foundation,1970s,71,program,82,54702,14.99
Heritage Foundation,1970s,72,t,81,54702,14.808
Heritage Foundation,1970s,73,activities,81,54702,14.808
Heritage Foundation,1970s,74,r,80,54702,14.625
Heritage Foundation,1970s,75,time,80,54702,14.625
Heritage Foundation,1970s,76,group,79,54702,14.442
Heritage Foundation,1970s,77,international,78,54702,14.259
Heritage Foundation,1970s,78,l,78,54702,14.259
Heritage Foundation,1970s,79,year,78,54702,14.259
Heritage Foundation,1970s,80,through,77,54702,14.076
Heritage Foundation,1970s,81,conservation,77,54702,14.076
Heritage Foundation,1970s,82,korea,77,54702,14.076
Heritage Foundation,1970s,83,many,76,54702,13.893
Heritage Foundation,1970s,84,major,75,54702,13.711
Heritage Foundation,1970s,85,campaign,75,54702,13.711
Heritage Foundation,1970s,86,study,75,54702,13.711
Heritage Foundation,1970s,87,young,75,54702,13.711
Heritage Foundation,1970s,88,only,74,54702,13.528
Heritage Foundation,1970s,89,office,73,54702,13.345
Heritage Foundation,1970s,90,security,73,54702,13.345
Heritage Foundation,1970s,91,north,73,54702,13.345
Heritage Foundation,1970s,92,council,72,54702,13.162
Heritage Foundation,1970s,93,candidates,72,54702,13.162
Heritage Foundation,1970s,94,project,72,54702,13.162
Heritage Foundation,1970s,95,total,72,54702,13.162
Heritage Foundation,1970s,96,chairman,71,54702,12.979
Heritage Foundation,1970s,97,conference,70,54702,12.797
Heritage Foundation,1970s,98,organizations,69,54702,12.614
Heritage Foundation,1970s,99,carter,69,54702,12.614
Heritage Foundation,1970s,100,university,69,54702,12.614
Heritage Foundation,1990s,1,would,280,43743,64.01
Heritage Foundation,1990s,2,s,251,43743,57.381
Heritage Foundation,1990s,3,public,210,43743,48.008
Heritage Foundation,1990s,4,government,190,43743,43.436
Heritage Foundation,1990s,5,tax,188,43743,42.978
Heritage Foundation,1990s,6,term,182,43743,41.607
Heritage Foundation,1990s,7,limits,180,43743,41.149
Heritage Foundation,1990s,8,one,175,43743,40.006
Heritage Foundation,1990s,9,people,160,43743,36.577
Heritage Foundation,1990s,10,percent,159,43743,36.349
Heritage Foundation,1990s,11,income,157,43743,35.891
Heritage Foundation,1990s,12,american,152,43743,34.748
Heritage Foundation,1990s,13,poor,150,43743,34.291
Heritage Foundation,1990s,14,new,149,43743,34.063
Heritage Foundation,1990s,15,spending,146,43743,33.377
Heritage Foundation,1990s,16,u,137,43743,31.319
Heritage Foundation,1990s,17,state,137,43743,31.319
Heritage Foundation,1990s,18,congress,133,43743,30.405
Heritage Foundation,1990s,19,years,130,43743,29.719
Heritage Foundation,1990s,20,other,128,43743,29.262
Heritage Foundation,1990s,21,taxes,128,43743,29.262
Heritage Foundation,1990s,22,america,118,43743,26.976
Heritage Foundation,1990s,23,only,113,43743,25.833
Heritage Foundation,1990s,24,black,113,43743,25.833
Heritage Foundation,1990s,25,political,111,43743,25.375
Heritage Foundation,1990s,26,many,109,43743,24.918
Heritage Foundation,1990s,27,social,109,43743,24.918
Heritage Foundation,1990s,28,heritage,108,43743,24.69
Heritage Foundation,1990s,29,washington,105,43743,24.004
Heritage Foundation,1990s,30,system,105,43743,24.004
Heritage Foundation,1990s,31,even,102,43743,23.318
Heritage Foundation,1990s,32,federal,102,43743,23.318
Heritage Foundation,1990s,33,economic,101,43743,23.089
Heritage Foundation,1990s,34,p,98,43743,22.404
Heritage Foundation,1990s,35,poverty,96,43743,21.946
Heritage Foundation,1990s,36,money,95,43743,21.718
Heritage Foundation,1990s,37,states,92,43743,21.032
Heritage Foundation,1990s,38,welfare,89,43743,20.346
Heritage Foundation,1990s,39,television,88,43743,20.118
Heritage Foundation,1990s,40,now,87,43743,19.889
Heritage Foundation,1990s,41,foundation,85,43743,19.432
Heritage Foundation,1990s,42,every,85,43743,19.432
Heritage Foundation,1990s,43,policy,84,43743,19.203
Heritage Foundation,1990s,44,also,84,43743,19.203
Heritage Foundation,1990s,45,budget,83,43743,18.974
Heritage Foundation,1990s,46,investment,83,43743,18.974
Heritage Foundation,1990s,47,security,83,43743,18.974
Heritage Foundation,1990s,48,liberal,81,43743,18.517
Heritage Foundation,1990s,49,house,80,43743,18.289
Heritage Foundation,1990s,50,l,78,43743,17.831
Heritage Foundation,1990s,51,year,78,43743,17.831
Heritage Foundation,1990s,52,c,74,43743,16.917
Heritage Foundation,1990s,53,d,73,43743,16.688
Heritage Foundation,1990s,54,first,73,43743,16.688
Heritage Foundation,1990s,55,much,73,43743,16.688
Heritage Foundation,1990s,56,blacks,71,43743,16.231
Heritage Foundation,1990s,57,americans,70,43743,16.003
Heritage Foundation,1990s,58,say,70,43743,16.003
Heritage Foundation,1990s,59,between,69,43743,15.774
Heritage Foundation,1990s,60,average,69,43743,15.774
Heritage Foundation,1990s,61,census,69,43743,15.774
Heritage Foundation,1990s,62,make,68,43743,15.545
Heritage Foundation,1990s,63,time,68,43743,15.545
Heritage Foundation,1990s,64,family,66,43743,15.088
Heritage Foundation,1990s,65,generation,66,43743,15.088
Heritage Foundation,1990s,66,persons,66,43743,15.088
Heritage Foundation,1990s,67,today,65,43743,14.86
Heritage Foundation,1990s,68,country,65,43743,14.86
Heritage Foundation,1990s,69,think,65,43743,14.86
Heritage Foundation,1990s,70,higher,64,43743,14.631
Heritage Foundation,1990s,71,congressional,64,43743,14.631
Heritage Foundation,1990s,72,programs,63,43743,14.402
Heritage Foundation,1990s,73,good,63,43743,14.402
Heritage Foundation,1990s,74,white,63,43743,14.402
Heritage Foundation,1990s,75,workers,62,43743,14.174
Heritage Foundation,1990s,76,national,61,43743,13.945
Heritage Foundation,1990s,77,world,61,43743,13.945
Heritage Foundation,1990s,78,way,61,43743,13.945
Heritage Foundation,1990s,79,households,61,43743,13.945
Heritage Foundation,1990s,80,billion,60,43743,13.716
Heritage Foundation,1990s,81,growth,60,43743,13.716
Heritage Foundation,1990s,82,increase,60,43743,13.716
Heritage Foundation,1990s,83,private,60,43743,13.716
Heritage Foundation,1990s,84,get,59,43743,13.488
Heritage Foundation,1990s,85,right,59,43743,13.488
Heritage Foundation,1990s,86,work,58,43743,13.259
Heritage Foundation,1990s,87,said,58,43743,13.259
Heritage Foundation,1990s,88,fund,58,43743,13.259
Heritage Foundation,1990s,89,example,56,43743,12.802
Heritage Foundation,1990s,90,office,56,43743,12.802
Heritage Foundation,1990s,91,like,55,43743,12.573
Heritage Foundation,1990s,92,less,55,43743,12.573
Heritage Foundation,1990s,93,benefits,55,43743,12.573
Heritage Foundation,1990s,94,broadcasting,55,43743,12.573
Heritage Foundation,1990s,95,free,54,43743,12.345
Heritage Foundation,1990s,96,economy,54,43743,12.345
Heritage Foundation,1990s,97,funds,54,43743,12.345
Heritage Foundation,1990s,98,power,54,43743,12.345
Heritage Foundation,1990s,99,conservative,54,43743,12.345
Heritage Foundation,1990s,100,united,53,43743,12.116
